Format,Price,Sustainability,Product,Convenience,Premium,SustainabilityScore
Ground,6.5,Certified,Concept 1,3.5,2,5
Pods,6.5,Certified,Concept 2,5,2,5
Pods,8,Certified,Concept 3,5,3.5,5
Ground,6.5,Standard,Concept 4,3.5,2,2.5
Whole bean,9.5,Certified,Concept 5,2.5,5,5
Pods,9.5,Certified,Concept 6,5,5,5
Whole bean,8,Certified,Concept 7,2.5,3.5,5
Ground,9.5,Standard,Concept 8,3.5,5,2.5
Ground,8,Standard,Concept 9,3.5,3.5,2.5
Whole bean,8,Standard,Concept 10,2.5,3.5,2.5
Whole bean,9.5,Standard,Concept 11,2.5,5,2.5
Pods,9.5,Standard,Concept 12,5,5,2.5
