data_label,CustomerID,Recency,Frequency,Monetary,CoffeeRevenue,CoffeeShare,Segment
synthetic_demo,C0001,122,5,99.43,24.72,0.24861711757014981,Segment 1
synthetic_demo,C0002,133,7,76.37,63.93,0.8371088123608746,Segment 4
synthetic_demo,C0003,67,8,91.12,41.199999999999996,0.4521510096575943,Segment 4
synthetic_demo,C0004,56,16,109.73000000000002,22.28,0.20304383486740177,Segment 2
synthetic_demo,C0005,3,10,141.22000000000003,36.47,0.25824953972525133,Segment 3
synthetic_demo,C0006,17,9,246.51,91.22999999999999,0.37008640623098454,Segment 2
synthetic_demo,C0007,40,4,155.9,0,0,Segment 1
synthetic_demo,C0008,25,12,362.44999999999993,156.63,0.43214236446406407,Segment 2
synthetic_demo,C0009,99,11,272.01000000000005,42.35,0.15569280541156572,Segment 2
synthetic_demo,C0010,4,3,51.760000000000005,33.489999999999995,0.6470247295208653,Segment 4
synthetic_demo,C0011,31,5,168.4,65.93,0.3915083135391924,Segment 2
synthetic_demo,C0012,76,5,133.22000000000003,50.27,0.3773457438822999,Segment 4
synthetic_demo,C0013,15,6,55.91,6.39,0.11429082453943838,Segment 3
synthetic_demo,C0014,111,5,59.71,27.009999999999998,0.4523530396918439,Segment 4
synthetic_demo,C0015,334,1,15.1,0,0,Segment 1
synthetic_demo,C0016,81,6,221.41999999999996,33.42,0.1509348748983832,Segment 1
synthetic_demo,C0017,12,18,294.46,166.78,0.5663927188752292,Segment 2
synthetic_demo,C0018,81,5,69.57,12.05,0.17320684202961048,Segment 1
synthetic_demo,C0019,61,8,72.23,20.57,0.28478471549217776,Segment 1
synthetic_demo,C0020,18,12,314.25000000000006,98.1,0.3121718377088305,Segment 2
synthetic_demo,C0021,194,3,31.14,0,0,Segment 1
synthetic_demo,C0022,16,6,123.61,29.79,0.2409999191003964,Segment 3
synthetic_demo,C0023,83,7,71.49999999999999,0,0,Segment 1
synthetic_demo,C0024,12,7,38.42,12.93,0.3365434669442998,Segment 3
synthetic_demo,C0025,61,4,26.81,3.73,0.1391271913465125,Segment 1
synthetic_demo,C0026,41,6,109.28999999999999,21.98,0.2011162960929637,Segment 1
synthetic_demo,C0027,67,14,228.65000000000003,118.26000000000002,0.5172097091624754,Segment 2
synthetic_demo,C0028,25,8,266,113.94999999999999,0.4283834586466165,Segment 2
synthetic_demo,C0029,37,6,95.92999999999999,0,0,Segment 1
synthetic_demo,C0030,5,9,258.22999999999996,166.91,0.6463617705146576,Segment 2
synthetic_demo,C0031,72,5,69.32000000000001,0,0,Segment 1
synthetic_demo,C0032,88,3,61.81999999999999,0,0,Segment 1
synthetic_demo,C0033,90,5,31.330000000000002,0,0,Segment 1
synthetic_demo,C0034,2,8,47,3.15,0.06702127659574468,Segment 3
synthetic_demo,C0035,33,7,54.230000000000004,24.83,0.45786465056241926,Segment 4
synthetic_demo,C0036,14,11,161.51,56.39,0.34914246795864035,Segment 2
synthetic_demo,C0037,35,8,169.74,47.379999999999995,0.27913279132791324,Segment 2
synthetic_demo,C0038,29,11,84.24,22.16,0.2630579297245964,Segment 2
synthetic_demo,C0039,89,6,52.25,9.93,0.19004784688995216,Segment 1
synthetic_demo,C0040,4,4,85.56,15.23,0.17800374006545114,Segment 3
synthetic_demo,C0041,97,11,167.41,35.33,0.21103876709873962,Segment 2
synthetic_demo,C0042,88,3,47.64,0,0,Segment 1
synthetic_demo,C0043,365,1,68.69,0,0,Segment 1
synthetic_demo,C0044,38,10,318.35,149.44,0.4694204491911418,Segment 2
synthetic_demo,C0045,34,9,182.53000000000003,37.85,0.20736317317701197,Segment 2
synthetic_demo,C0046,10,2,48.24,17.89,0.37085406301824214,Segment 4
synthetic_demo,C0047,17,8,155.5,88.60999999999999,0.5698392282958198,Segment 2
synthetic_demo,C0048,57,8,77.48,36.419999999999995,0.4700567888487351,Segment 4
synthetic_demo,C0049,54,8,101.43999999999998,22.66,0.22338328075709782,Segment 2
synthetic_demo,C0050,57,6,116.12,63.220000000000006,0.5444367895280744,Segment 4
synthetic_demo,C0051,44,7,55.81000000000001,16.24,0.2909872782655437,Segment 1
synthetic_demo,C0052,9,8,72.23,0,0,Segment 3
synthetic_demo,C0053,1,12,319.12,90.13000000000001,0.2824329405866132,Segment 3
synthetic_demo,C0054,79,6,92.56,39.14,0.4228608470181504,Segment 4
synthetic_demo,C0055,88,3,38.06,10.11,0.2656332107199159,Segment 1
synthetic_demo,C0056,3,8,104.67999999999999,29.15,0.2784677111196026,Segment 3
synthetic_demo,C0057,46,10,214.29,76.02,0.35475290494190115,Segment 2
synthetic_demo,C0058,21,11,174.55,71.89,0.4118590661701518,Segment 2
synthetic_demo,C0059,125,6,180.36999999999998,32.92,0.18251372179408995,Segment 1
synthetic_demo,C0060,4,14,307.85999999999996,128.6,0.41772234132397845,Segment 2
synthetic_demo,C0061,31,9,204.17000000000002,118.21999999999998,0.5790272811872458,Segment 2
synthetic_demo,C0062,4,7,145.25,45.28,0.3117383820998279,Segment 3
synthetic_demo,C0063,62,6,95.49,8.38,0.08775788040632529,Segment 1
synthetic_demo,C0064,8,13,48.91000000000001,8.99,0.1838069924350848,Segment 3
synthetic_demo,C0065,17,8,127.35,32.28,0.2534746760895171,Segment 3
synthetic_demo,C0066,12,11,179.29999999999998,35.230000000000004,0.19648633575013946,Segment 2
synthetic_demo,C0067,78,11,117.89000000000001,3.78,0.03206378827720756,Segment 2
synthetic_demo,C0068,16,5,118.02000000000001,23.07,0.19547534316217588,Segment 3
synthetic_demo,C0069,32,9,200.89999999999998,53.519999999999996,0.26640119462419115,Segment 2
synthetic_demo,C0070,3,11,288.17999999999995,91.75999999999999,0.31841210354639465,Segment 3
synthetic_demo,C0071,176,7,62.510000000000005,8.63,0.13805791073428253,Segment 1
synthetic_demo,C0072,10,4,112.27,0,0,Segment 3
synthetic_demo,C0073,5,11,461.97999999999996,230.61,0.49917745356941867,Segment 2
synthetic_demo,C0074,54,6,182.16000000000003,49.769999999999996,0.2732213438735177,Segment 2
synthetic_demo,C0075,40,8,286.03000000000003,46.980000000000004,0.1642485054015313,Segment 2
synthetic_demo,C0076,24,9,52.49000000000001,10.73,0.2044198895027624,Segment 3
synthetic_demo,C0077,34,5,88.59,0,0,Segment 1
synthetic_demo,C0078,59,9,283.23,38.88,0.13727359389895138,Segment 2
synthetic_demo,C0079,60,10,167.24,29.32,0.17531690983018416,Segment 2
synthetic_demo,C0080,49,6,139.52,50.39,0.3611668577981651,Segment 2
synthetic_demo,C0081,17,1,31.73,31.73,1,Segment 4
synthetic_demo,C0082,98,8,107.07,68.35,0.6383674231810965,Segment 4
synthetic_demo,C0083,38,9,379.4,115.44,0.3042698998418556,Segment 2
synthetic_demo,C0084,34,7,222.79000000000002,101.36,0.45495758337447817,Segment 2
synthetic_demo,C0085,100,3,10.89,8.48,0.7786960514233241,Segment 4
synthetic_demo,C0086,4,5,45.94,7.48,0.16282107096212453,Segment 3
synthetic_demo,C0087,27,3,52.42,32.65,0.6228538725677222,Segment 4
synthetic_demo,C0088,2,6,94.27,12.59,0.13355256179060146,Segment 3
synthetic_demo,C0089,1,9,121.41,24.83,0.20451363149658183,Segment 3
synthetic_demo,C0090,32,7,220.02,129.23,0.5873556949368238,Segment 2
synthetic_demo,C0091,130,11,393.77000000000004,136.47,0.3465728724890164,Segment 2
synthetic_demo,C0092,68,4,86.79,11.33,0.13054499366286437,Segment 1
synthetic_demo,C0093,1,5,44.56,4.54,0.1018850987432675,Segment 3
synthetic_demo,C0094,71,4,64.82,0,0,Segment 1
synthetic_demo,C0095,17,5,59.31999999999999,18.89,0.3184423465947404,Segment 4
synthetic_demo,C0096,36,8,108.61,23.9,0.22005340208083968,Segment 2
synthetic_demo,C0097,53,8,500.52000000000004,0,0,Segment 2
synthetic_demo,C0098,48,5,53.879999999999995,32.46,0.6024498886414255,Segment 4
synthetic_demo,C0099,5,9,174.39,84.9,0.48683984173404443,Segment 3
synthetic_demo,C0100,31,10,75.4,13.59,0.18023872679045091,Segment 2
synthetic_demo,C0101,31,12,352.88000000000005,113.85999999999999,0.3226592609385626,Segment 2
synthetic_demo,C0102,55,7,93.24,12.19,0.13073788073788073,Segment 1
synthetic_demo,C0103,49,2,34.42,0,0,Segment 1
synthetic_demo,C0104,8,9,435.42,101.37,0.23280970097836573,Segment 2
synthetic_demo,C0105,94,6,44.61999999999999,14.69,0.3292245629762439,Segment 4
synthetic_demo,C0106,5,6,90.39999999999999,6.75,0.07466814159292036,Segment 3
synthetic_demo,C0107,31,5,40.8,19.55,0.47916666666666674,Segment 4
synthetic_demo,C0108,25,11,301.44,81.66,0.2708996815286624,Segment 2
synthetic_demo,C0109,22,9,378.81999999999994,111.58,0.2945462224803337,Segment 2
synthetic_demo,C0110,170,1,10.73,0,0,Segment 1
synthetic_demo,C0111,170,5,17.59,2.35,0.13359863558840251,Segment 1
synthetic_demo,C0112,119,5,117.37,37.54,0.31984323080855415,Segment 1
synthetic_demo,C0113,133,7,29.270000000000003,0,0,Segment 1
synthetic_demo,C0114,113,7,136.8,0,0,Segment 1
synthetic_demo,C0115,2,10,185.44,30.1,0.16231665228645384,Segment 3
synthetic_demo,C0116,28,9,158.66,59.730000000000004,0.37646539770578596,Segment 2
synthetic_demo,C0117,21,7,154.96,31.85,0.20553691275167785,Segment 2
synthetic_demo,C0118,32,8,31.54,13.79,0.43722257450856056,Segment 4
synthetic_demo,C0119,22,6,42.28,28.840000000000003,0.6821192052980133,Segment 4
synthetic_demo,C0120,34,6,157.09,0,0,Segment 1
synthetic_demo,C0121,26,9,131.17,70.05999999999999,0.5341160326294122,Segment 2
synthetic_demo,C0122,35,6,86.39999999999999,0,0,Segment 1
synthetic_demo,C0123,25,6,122.86,61.68,0.5020348363991535,Segment 4
synthetic_demo,C0124,9,13,376.61,181.14,0.48097501394015024,Segment 2
synthetic_demo,C0125,119,3,47.739999999999995,0,0,Segment 1
synthetic_demo,C0126,76,5,71.02000000000001,45.88,0.6460152069839481,Segment 4
synthetic_demo,C0127,11,10,376.34000000000003,46.120000000000005,0.1225487591008131,Segment 2
synthetic_demo,C0128,54,8,167.02,20.01,0.11980601125613699,Segment 2
synthetic_demo,C0129,30,8,102.02,47.28,0.4634385414624584,Segment 2
synthetic_demo,C0130,37,6,78.25,6.49,0.08293929712460064,Segment 1
synthetic_demo,C0131,31,14,529.76,94,0.1774388402295379,Segment 2
synthetic_demo,C0132,63,10,132.12,66.12,0.5004541326067212,Segment 2
synthetic_demo,C0133,61,5,119.08999999999999,16.33,0.13712318414644387,Segment 1
synthetic_demo,C0134,177,7,75.18,16.56,0.22027134876296883,Segment 1
synthetic_demo,C0135,99,10,212.48,47.09,0.22162085843373497,Segment 2
synthetic_demo,C0136,27,5,45.65,0,0,Segment 1
synthetic_demo,C0137,24,8,196.3,72.54,0.3695364238410596,Segment 2
synthetic_demo,C0138,28,7,57.5,0,0,Segment 1
synthetic_demo,C0139,3,5,29.200000000000003,7.52,0.2575342465753424,Segment 3
synthetic_demo,C0140,4,10,154.98,44.06,0.2842947477093819,Segment 3
synthetic_demo,C0141,11,6,68.25,24.74,0.36249084249084246,Segment 3
synthetic_demo,C0142,84,8,153.04999999999998,25.07,0.16380267886311664,Segment 2
synthetic_demo,C0143,105,5,116.19,24.26,0.20879593768826923,Segment 1
synthetic_demo,C0144,48,5,100.76000000000002,18.26,0.18122270742358076,Segment 1
synthetic_demo,C0145,4,10,199.45999999999998,0,0,Segment 3
synthetic_demo,C0146,18,10,277.3,61.37,0.22131265777136674,Segment 2
synthetic_demo,C0147,91,7,118.92,39.94,0.33585603767238476,Segment 2
synthetic_demo,C0148,5,9,162.07000000000002,60.72,0.37465292774726966,Segment 3
synthetic_demo,C0149,69,4,61.739999999999995,15.08,0.24425008098477488,Segment 1
synthetic_demo,C0150,38,3,76.05000000000001,0,0,Segment 1
synthetic_demo,C0151,31,7,63.55,15.669999999999998,0.24657749803304482,Segment 1
synthetic_demo,C0152,17,6,204.46999999999997,29.89,0.14618281410475867,Segment 3
synthetic_demo,C0153,11,15,277.57,112.94,0.40688835248766075,Segment 2
synthetic_demo,C0154,42,8,62.33,12.7,0.203754211455158,Segment 1
synthetic_demo,C0155,49,7,88.59,80.06,0.9037137374421492,Segment 4
synthetic_demo,C0156,145,7,87.82,36.13,0.4114097016624915,Segment 4
synthetic_demo,C0157,19,12,160.08000000000004,95.54,0.5968265867066466,Segment 2
synthetic_demo,C0158,14,8,151.36999999999998,0,0,Segment 3
synthetic_demo,C0159,192,7,43.64,0,0,Segment 1
synthetic_demo,C0160,44,7,105.32,68.82,0.6534371439422711,Segment 4
synthetic_demo,C0161,152,6,121.60000000000001,14.53,0.11949013157894736,Segment 1
synthetic_demo,C0162,89,11,149.06,45.650000000000006,0.3062525157654636,Segment 2
synthetic_demo,C0163,47,12,266.29,88.78,0.333395921739457,Segment 2
synthetic_demo,C0164,60,6,129.19,0,0,Segment 1
synthetic_demo,C0165,17,6,260.73999999999995,41.44,0.15893226969394803,Segment 2
synthetic_demo,C0166,39,7,80.69999999999999,50.529999999999994,0.6261462205700125,Segment 4
synthetic_demo,C0167,22,8,245.85000000000002,98.21000000000001,0.39947122229001425,Segment 2
synthetic_demo,C0168,19,5,60.800000000000004,27.46,0.45164473684210527,Segment 4
synthetic_demo,C0169,146,6,56.290000000000006,13.98,0.24835672410730145,Segment 1
synthetic_demo,C0170,67,11,409.84999999999997,88.11999999999999,0.21500548981334633,Segment 2
synthetic_demo,C0171,50,4,121.7,53.56,0.4400986031224322,Segment 4
synthetic_demo,C0172,47,6,148.07999999999998,34.28,0.23149648838465697,Segment 1
synthetic_demo,C0173,3,9,74.63000000000001,32.900000000000006,0.4408414846576444,Segment 3
synthetic_demo,C0174,69,5,106.00000000000001,19.01,0.17933962264150943,Segment 1
synthetic_demo,C0175,75,13,290.28,109.56,0.37742868954113273,Segment 2
synthetic_demo,C0176,6,7,77.31,11.95,0.1545725003233734,Segment 3
synthetic_demo,C0177,68,7,149.32999999999998,0,0,Segment 1
synthetic_demo,C0178,54,10,155.98000000000002,85.10999999999999,0.5456468778048467,Segment 2
synthetic_demo,C0179,139,12,51.5,19.05,0.3699029126213592,Segment 2
synthetic_demo,C0180,129,9,102.91,11.41,0.11087357885531048,Segment 1
synthetic_demo,C0181,51,6,116.88,0,0,Segment 1
synthetic_demo,C0182,51,6,173.6,0,0,Segment 1
synthetic_demo,C0183,22,4,63.38000000000001,0,0,Segment 1
synthetic_demo,C0184,61,10,266.96999999999997,98.21000000000001,0.3678690489568117,Segment 2
synthetic_demo,C0185,21,9,142,15.81,0.11133802816901409,Segment 2
synthetic_demo,C0186,100,3,93.23,0,0,Segment 1
synthetic_demo,C0187,76,13,121.75999999999999,6.55,0.05379434954007885,Segment 2
synthetic_demo,C0188,25,5,82.59,0,0,Segment 1
synthetic_demo,C0189,37,7,79.03,0,0,Segment 1
synthetic_demo,C0190,33,8,66.46000000000001,7.62,0.11465543183869996,Segment 1
synthetic_demo,C0191,59,3,16.84,5.42,0.32185273159144895,Segment 4
synthetic_demo,C0192,55,10,25.93,6.03,0.23254917084458157,Segment 1
synthetic_demo,C0193,64,7,126.89,93.4,0.7360706123413981,Segment 4
synthetic_demo,C0194,18,9,221.54000000000005,51.33,0.23169630766453006,Segment 2
synthetic_demo,C0195,55,6,121.74,24.13,0.19820929850501068,Segment 1
synthetic_demo,C0196,72,10,143.57,6.93,0.04826913700633837,Segment 2
synthetic_demo,C0197,13,3,61.2,18.77,0.3066993464052287,Segment 4
synthetic_demo,C0198,42,12,18.23,3,0.16456390565002743,Segment 1
synthetic_demo,C0199,12,6,107.01,13.46,0.1257826371367162,Segment 3
synthetic_demo,C0200,7,11,164.53,70.74000000000001,0.4299519844405276,Segment 3
synthetic_demo,C0201,18,8,135.92000000000002,0,0,Segment 3
synthetic_demo,C0202,28,10,77.88000000000001,6.93,0.08898305084745761,Segment 2
synthetic_demo,C0203,2,4,131.57,0,0,Segment 3
synthetic_demo,C0204,33,5,54.13,16.14,0.29817106964714574,Segment 1
synthetic_demo,C0205,167,5,89.49,41.33,0.4618393116549335,Segment 4
synthetic_demo,C0206,115,5,82.03,31.08,0.3788857734975009,Segment 4
synthetic_demo,C0207,92,11,182.59,15.66,0.08576592365408839,Segment 2
synthetic_demo,C0208,3,9,194.72,45.099999999999994,0.23161462612982742,Segment 3
synthetic_demo,C0209,26,9,211.98000000000002,62.849999999999994,0.29649023492782334,Segment 2
synthetic_demo,C0210,34,13,300.53,79.87,0.2657638172561808,Segment 2
synthetic_demo,C0211,176,5,161.72000000000003,0,0,Segment 1
synthetic_demo,C0212,19,8,96.65,11.62,0.12022762545266424,Segment 3
synthetic_demo,C0213,28,14,261.39000000000004,44.269999999999996,0.16936378591376866,Segment 2
synthetic_demo,C0214,44,12,163.49,24.96,0.1526698880665484,Segment 2
synthetic_demo,C0215,39,8,98.28999999999999,0,0,Segment 1
synthetic_demo,C0216,23,1,30.82,0,0,Segment 1
synthetic_demo,C0217,2,4,49.75,24.54,0.4932663316582914,Segment 3
synthetic_demo,C0218,96,2,26.04,0,0,Segment 1
synthetic_demo,C0219,19,13,313.59000000000003,90,0.2869989476705252,Segment 2
synthetic_demo,C0220,46,5,65.05000000000001,32.1,0.49346656418139884,Segment 4
synthetic_demo,C0221,4,10,100.09,29.46,0.2943350984114297,Segment 3
synthetic_demo,C0222,129,5,157.34,0,0,Segment 1
synthetic_demo,C0223,3,6,50.879999999999995,9.34,0.1835691823899371,Segment 3
synthetic_demo,C0224,62,6,80.87,8.83,0.1091875850129838,Segment 1
synthetic_demo,C0225,29,9,375.99,90.72,0.24128301284608633,Segment 2
synthetic_demo,C0226,1,5,41.22,0,0,Segment 3
synthetic_demo,C0227,12,4,69.46,20.31,0.29239850273538726,Segment 3
synthetic_demo,C0228,4,10,166.98,8.71,0.052161935561145054,Segment 3
synthetic_demo,C0229,76,5,107.97999999999999,39.24,0.36340062974624937,Segment 4
synthetic_demo,C0230,2,12,126.36999999999999,62.96000000000001,0.49821951412518806,Segment 3
synthetic_demo,C0231,18,8,236.48000000000002,114.93,0.4860030446549391,Segment 2
synthetic_demo,C0232,9,3,54.8,22.9,0.41788321167883213,Segment 4
synthetic_demo,C0233,25,5,86.11999999999999,13.67,0.15873200185787276,Segment 1
synthetic_demo,C0234,6,7,46.28,11.370000000000001,0.24567847882454624,Segment 3
synthetic_demo,C0235,55,9,161.33,10,0.06198475175106923,Segment 2
synthetic_demo,C0236,123,3,49.72,13.03,0.2620675784392599,Segment 1
synthetic_demo,C0237,114,4,40.5,14.58,0.36,Segment 4
synthetic_demo,C0238,14,8,197.18999999999997,50.26,0.25488107916222935,Segment 2
synthetic_demo,C0239,64,10,180.52000000000004,42.2,0.23376911145579435,Segment 2
synthetic_demo,C0240,2,13,151.01,50.5,0.3344149394079862,Segment 3
synthetic_demo,C0241,58,4,20.599999999999998,0,0,Segment 1
synthetic_demo,C0242,139,3,88.4,66.23,0.7492081447963801,Segment 4
synthetic_demo,C0243,123,8,212.03000000000003,42.56,0.20072631231429514,Segment 2
synthetic_demo,C0244,18,10,20.490000000000002,1.66,0.08101512933138115,Segment 3
synthetic_demo,C0245,46,12,78.06,36.580000000000005,0.4686138867537792,Segment 2
synthetic_demo,C0246,192,3,27.9,5.21,0.1867383512544803,Segment 1
synthetic_demo,C0247,11,6,79.07,42.44,0.5367395978247123,Segment 4
synthetic_demo,C0248,4,8,62.27,7.71,0.12381564156094427,Segment 3
synthetic_demo,C0249,56,8,47.04,23.71,0.5040391156462586,Segment 4
synthetic_demo,C0250,5,6,86.25,15.11,0.17518840579710143,Segment 3
synthetic_demo,C0251,46,6,184.92000000000002,19.34,0.10458576681808349,Segment 1
synthetic_demo,C0252,1,5,67.67,45.13,0.6669129599527117,Segment 3
synthetic_demo,C0253,104,6,241.69000000000003,105.62,0.43700608217137654,Segment 2
synthetic_demo,C0254,26,4,47.599999999999994,0,0,Segment 1
synthetic_demo,C0255,34,6,98.82,10.48,0.1060514065978547,Segment 1
synthetic_demo,C0256,6,5,97.71,28.38,0.2904513355848941,Segment 3
synthetic_demo,C0257,15,7,65.55999999999999,8.91,0.1359060402684564,Segment 3
synthetic_demo,C0258,2,11,129.84,19.21,0.1479513247073321,Segment 3
synthetic_demo,C0259,29,8,188.97000000000003,122.1,0.6461343070328622,Segment 2
synthetic_demo,C0260,135,5,35.54,8.32,0.2341024198086663,Segment 1
synthetic_demo,C0261,32,2,50.769999999999996,0,0,Segment 1
synthetic_demo,C0262,13,14,276.82000000000005,52.32,0.18900368470486234,Segment 2
synthetic_demo,C0263,14,5,112.61,42.459999999999994,0.37705354764230525,Segment 3
synthetic_demo,C0264,1,7,42.35,14.080000000000002,0.3324675324675325,Segment 3
synthetic_demo,C0265,22,7,211.44,0,0,Segment 2
synthetic_demo,C0266,26,10,116.11000000000001,78.5,0.6760830247179398,Segment 2
synthetic_demo,C0267,40,7,133.37,29.509999999999998,0.2212641523581015,Segment 2
synthetic_demo,C0268,11,8,269.17,0,0,Segment 3
synthetic_demo,C0269,5,11,200.61,43.510000000000005,0.21688849010517922,Segment 3
synthetic_demo,C0270,6,13,312.64000000000004,81.86999999999999,0.26186668372569083,Segment 2
synthetic_demo,C0271,57,7,191.10999999999999,0,0,Segment 1
synthetic_demo,C0272,2,9,310.05999999999995,86.7,0.27962329871637753,Segment 3
synthetic_demo,C0273,33,9,93.28999999999999,35.26,0.37796119626969665,Segment 2
synthetic_demo,C0274,54,12,256.15000000000003,143.95,0.5619754050361115,Segment 2
synthetic_demo,C0275,68,10,159.15,35.64,0.2239396795475966,Segment 2
synthetic_demo,C0276,88,7,164.45999999999998,0,0,Segment 1
synthetic_demo,C0277,8,14,384.67,167.42000000000002,0.4352301973119817,Segment 2
synthetic_demo,C0278,5,14,208.77999999999997,127.08,0.6086789922406362,Segment 2
synthetic_demo,C0279,1,3,51.83,0,0,Segment 3
synthetic_demo,C0280,15,8,150.18,56.86,0.3786123318684245,Segment 2
synthetic_demo,C0281,10,10,120.03,27.18,0.2264433891527118,Segment 3
synthetic_demo,C0282,25,7,71.78,17.6,0.24519364725550294,Segment 1
synthetic_demo,C0283,23,2,59.67,0,0,Segment 1
synthetic_demo,C0284,45,2,41.22,13.14,0.31877729257641924,Segment 4
synthetic_demo,C0285,84,5,153.2,42.42,0.27689295039164497,Segment 1
synthetic_demo,C0286,8,6,156.51999999999998,57.81,0.36934577050856127,Segment 3
synthetic_demo,C0287,15,7,107.59,21.34,0.1983455711497351,Segment 3
synthetic_demo,C0288,103,3,69.65,24.45,0.3510409188801148,Segment 4
synthetic_demo,C0289,20,8,169.42000000000002,39.730000000000004,0.23450596151575964,Segment 2
synthetic_demo,C0290,75,10,94.78999999999999,41.85,0.44150226817174815,Segment 2
synthetic_demo,C0291,53,7,49.10999999999999,4.78,0.09733251883526779,Segment 1
synthetic_demo,C0292,8,7,98.22,0,0,Segment 3
synthetic_demo,C0293,33,15,272.27,71.39,0.26220296029676426,Segment 2
synthetic_demo,C0294,13,11,172.97999999999996,60.65,0.35061856862064983,Segment 2
synthetic_demo,C0295,15,8,318.26,86.94,0.2731728775215233,Segment 2
synthetic_demo,C0296,10,9,157.21000000000004,55.35,0.35207683989568084,Segment 3
synthetic_demo,C0297,82,9,208.96000000000004,128.42000000000002,0.6145673813169984,Segment 2
synthetic_demo,C0298,103,4,129.48999999999998,0,0,Segment 1
synthetic_demo,C0299,4,4,77.94,36.7,0.47087503207595593,Segment 3
synthetic_demo,C0300,12,16,187.69,68.08,0.3627257712184986,Segment 2
synthetic_demo,C0301,42,5,141.62,19.79,0.13974014969637055,Segment 1
synthetic_demo,C0302,42,7,140.44,27.36,0.1948162916547992,Segment 2
synthetic_demo,C0303,45,5,51.14,25.75,0.5035197497066876,Segment 4
synthetic_demo,C0304,25,12,323.3,128.49,0.39743272502319826,Segment 2
synthetic_demo,C0305,57,5,117.39000000000001,10.56,0.08995655507283414,Segment 1
synthetic_demo,C0306,117,4,54.85,0,0,Segment 1
synthetic_demo,C0307,83,8,246.12,51.31,0.2084755403868032,Segment 2
synthetic_demo,C0308,47,6,160.97,56.58,0.35149406721749393,Segment 2
synthetic_demo,C0309,51,11,290.40000000000003,75.69,0.26064049586776855,Segment 2
synthetic_demo,C0310,3,8,315.53999999999996,88.39999999999999,0.2801546555111872,Segment 3
synthetic_demo,C0311,27,8,46.49,25.509999999999998,0.5487201548720154,Segment 4
synthetic_demo,C0312,31,5,127.11999999999999,0,0,Segment 1
synthetic_demo,C0313,86,6,120.10999999999999,53.03,0.44151194738156696,Segment 4
synthetic_demo,C0314,55,10,58.76,9.18,0.1562287270251872,Segment 1
synthetic_demo,C0315,2,8,91.92,7.8,0.08485639686684072,Segment 3
synthetic_demo,C0316,11,13,157.52,48.849999999999994,0.3101193499238191,Segment 2
synthetic_demo,C0317,35,6,36.03,15.9,0.4412989175686928,Segment 4
synthetic_demo,C0318,26,7,68.28,49.879999999999995,0.7305213825424721,Segment 4
synthetic_demo,C0319,95,3,12.18,4.92,0.4039408866995074,Segment 4
synthetic_demo,C0320,6,9,161.61,11.09,0.068621991213415,Segment 3
synthetic_demo,C0321,76,7,74.81,10.53,0.14075658334447266,Segment 1
synthetic_demo,C0322,52,8,206.39000000000001,76.6,0.37114201269441344,Segment 2
synthetic_demo,C0323,28,10,166.91999999999996,44.58,0.26707404744787927,Segment 2
synthetic_demo,C0324,69,7,81.91,38.169999999999995,0.46599926748870707,Segment 4
synthetic_demo,C0325,19,7,38.16,16.11,0.42216981132075476,Segment 4
synthetic_demo,C0326,43,6,118.57000000000001,16.39,0.13823058109133846,Segment 1
synthetic_demo,C0327,106,8,207.76000000000002,58.349999999999994,0.28085290720061606,Segment 2
synthetic_demo,C0328,63,8,29.570000000000004,2.21,0.07473791004396346,Segment 1
synthetic_demo,C0329,13,6,64.24,11.15,0.17356787048567873,Segment 3
synthetic_demo,C0330,39,7,107.21,21.94,0.20464508907751144,Segment 1
synthetic_demo,C0331,44,6,82.21,0,0,Segment 1
synthetic_demo,C0332,5,6,244.21000000000004,0,0,Segment 3
synthetic_demo,C0333,74,8,106.4,5.59,0.052537593984962404,Segment 1
synthetic_demo,C0334,90,9,45,11.23,0.24955555555555556,Segment 1
synthetic_demo,C0335,255,1,6.42,0,0,Segment 1
synthetic_demo,C0336,17,7,207.47000000000003,24.13,0.11630597194775147,Segment 3
synthetic_demo,C0337,4,13,787.5300000000001,430.5799999999999,0.5467474254949016,Segment 2
synthetic_demo,C0338,5,6,29.64,0,0,Segment 3
synthetic_demo,C0339,33,12,508.71,230.67000000000002,0.45344105679070595,Segment 2
synthetic_demo,C0340,76,10,164.09,26.05,0.15875434212931927,Segment 2
synthetic_demo,C0341,52,4,99.81,39.96,0.4003606853020739,Segment 4
synthetic_demo,C0342,42,3,43.42,0,0,Segment 1
synthetic_demo,C0343,65,8,195.26,73.15,0.37462870019461236,Segment 2
synthetic_demo,C0344,21,3,57.86,0,0,Segment 1
synthetic_demo,C0345,7,6,55.7,15.21,0.27307001795332136,Segment 3
synthetic_demo,C0346,57,12,363.43,157.38000000000002,0.4330407506259803,Segment 2
synthetic_demo,C0347,10,8,208.3,30.57,0.1467594815170427,Segment 3
synthetic_demo,C0348,75,6,120.31,21.78,0.1810323331393899,Segment 1
synthetic_demo,C0349,25,13,135.1,38.44,0.2845299777942265,Segment 2
synthetic_demo,C0350,37,8,20.75,9.3,0.44819277108433736,Segment 4
synthetic_demo,C0351,2,8,170.10999999999999,65.02,0.38222326729763095,Segment 3
synthetic_demo,C0352,51,14,198.98000000000002,28.950000000000003,0.14549200924716052,Segment 2
synthetic_demo,C0353,45,12,367.01,62.269999999999996,0.16966840140595624,Segment 2
synthetic_demo,C0354,217,3,87.34,0,0,Segment 1
synthetic_demo,C0355,27,9,171.46,21.84,0.127376647614604,Segment 2
synthetic_demo,C0356,37,10,160.54000000000002,60.02,0.3738632116606453,Segment 2
synthetic_demo,C0357,23,7,104.98,62.599999999999994,0.5963040579157934,Segment 4
synthetic_demo,C0358,69,7,66.35,7.04,0.10610399397136398,Segment 1
synthetic_demo,C0359,45,10,384.30999999999995,161.55,0.4203637688324531,Segment 2
synthetic_demo,C0360,177,3,32.66,4.97,0.15217391304347827,Segment 1
synthetic_demo,C0361,35,13,312.65000000000003,44,0.1407324484247561,Segment 2
synthetic_demo,C0362,47,8,356.48,66.94999999999999,0.18780857271095147,Segment 2
synthetic_demo,C0363,50,5,123.11000000000001,40.45,0.32856794736414585,Segment 1
synthetic_demo,C0364,41,4,39.019999999999996,19.09,0.4892362890825218,Segment 4
synthetic_demo,C0365,118,5,85.14,0,0,Segment 1
synthetic_demo,C0366,124,6,133.20999999999998,11.33,0.08505367464905038,Segment 1
synthetic_demo,C0367,117,5,71.97,45.980000000000004,0.6388773099902738,Segment 4
synthetic_demo,C0368,8,10,161.33,90.27,0.5595363540569019,Segment 2
synthetic_demo,C0369,13,6,161.63,0,0,Segment 3
synthetic_demo,C0370,168,4,77.75,29.96,0.38533762057877813,Segment 4
synthetic_demo,C0371,6,5,119.16999999999999,13.16,0.11043047746916171,Segment 3
synthetic_demo,C0372,9,10,17.14,0,0,Segment 3
synthetic_demo,C0373,73,3,44.93,0,0,Segment 1
synthetic_demo,C0374,8,12,224.07999999999998,24.69,0.11018386290610498,Segment 3
synthetic_demo,C0375,105,4,56.06,9.06,0.16161255797359972,Segment 1
synthetic_demo,C0376,66,9,155.32,54.75,0.3524980685037342,Segment 2
synthetic_demo,C0377,20,4,45.230000000000004,0,0,Segment 1
synthetic_demo,C0378,1,15,97.41999999999997,64.77,0.66485321289263,Segment 3
synthetic_demo,C0379,60,9,157.26,31.5,0.20030522701259063,Segment 2
synthetic_demo,C0380,13,4,65.18,8.81,0.13516416078551702,Segment 1
synthetic_demo,C0381,73,2,23.16,0,0,Segment 1
synthetic_demo,C0382,4,7,100.22,0,0,Segment 3
synthetic_demo,C0383,83,16,228.88,47.06,0.20560992659909125,Segment 2
synthetic_demo,C0384,25,11,116.49,35,0.30045497467593785,Segment 2
synthetic_demo,C0385,50,7,162.7,8.74,0.05371850030731408,Segment 1
synthetic_demo,C0386,1,9,174.64999999999998,33.8,0.19352991697681077,Segment 3
synthetic_demo,C0387,172,6,323.94,202.79,0.6260109896894487,Segment 2
synthetic_demo,C0388,85,7,85.53,46.03,0.5381737402081141,Segment 4
synthetic_demo,C0389,54,6,14.98,4.359999999999999,0.29105473965287043,Segment 4
synthetic_demo,C0390,19,8,234.00999999999996,30.08,0.12854151531985814,Segment 2
synthetic_demo,C0391,38,5,75.91,9.77,0.12870504544855751,Segment 1
synthetic_demo,C0392,82,4,102.67,16.86,0.1642154475504042,Segment 1
synthetic_demo,C0393,57,14,189.40999999999997,50.28,0.26545588934058395,Segment 2
synthetic_demo,C0394,28,5,52.75,26.31,0.49876777251184834,Segment 4
synthetic_demo,C0395,110,3,28.270000000000003,7.71,0.2727272727272727,Segment 1
synthetic_demo,C0396,19,11,333.66,195.99,0.5873943535335371,Segment 2
synthetic_demo,C0397,10,4,65.89,29.25,0.4439216876612536,Segment 4
synthetic_demo,C0398,12,18,287.8299999999999,171.57000000000002,0.5960810200465555,Segment 2
synthetic_demo,C0399,218,2,59.11,22.83,0.3862290644560988,Segment 4
synthetic_demo,C0400,16,12,309.08,73.13,0.23660540960269186,Segment 2
synthetic_demo,C0401,1,2,51.44,16.83,0.32717729393468115,Segment 3
synthetic_demo,C0402,73,5,226.78000000000003,47.52,0.20954228767968955,Segment 1
synthetic_demo,C0403,6,7,235.54000000000002,76.17,0.3233845631315275,Segment 3
synthetic_demo,C0404,29,8,59.29,22.42,0.37814133918030024,Segment 4
synthetic_demo,C0405,45,7,71.01,58.160000000000004,0.819039571891283,Segment 4
synthetic_demo,C0406,11,9,105.88000000000001,0,0,Segment 3
synthetic_demo,C0407,4,8,78.36999999999999,25.43,0.3244864106163073,Segment 3
synthetic_demo,C0408,64,5,73.63000000000001,38.78,0.5266874915116121,Segment 4
synthetic_demo,C0409,118,7,100.59,12.37,0.12297445074063026,Segment 1
synthetic_demo,C0410,2,10,84.82,14.530000000000001,0.17130393775053057,Segment 3
synthetic_demo,C0411,84,5,33.870000000000005,20.64,0.6093888396811337,Segment 4
synthetic_demo,C0412,41,9,193.76999999999998,52.47,0.27078495123084073,Segment 2
synthetic_demo,C0413,19,10,73.3,0,0,Segment 3
synthetic_demo,C0414,45,6,72.61999999999999,60.26,0.8297989534563482,Segment 4
synthetic_demo,C0415,32,13,227.39000000000001,70.31,0.3092044505035402,Segment 2
synthetic_demo,C0416,61,4,95.4,0,0,Segment 1
synthetic_demo,C0417,93,3,33.36,20.16,0.60431654676259,Segment 4
synthetic_demo,C0418,50,9,97.91999999999999,21.93,0.22395833333333337,Segment 2
synthetic_demo,C0419,3,10,180.86,62.39,0.34496295477164657,Segment 3
synthetic_demo,C0420,49,8,278.53,0,0,Segment 2
synthetic_demo,C0421,51,6,80.94,10.47,0.12935507783543368,Segment 1
synthetic_demo,C0422,16,6,10.120000000000001,1.75,0.17292490118577072,Segment 1
synthetic_demo,C0423,53,7,121.42000000000002,0,0,Segment 1
synthetic_demo,C0424,11,12,155.25,16.58,0.10679549114331723,Segment 3
synthetic_demo,C0425,217,4,16.75,8.49,0.5068656716417911,Segment 4
synthetic_demo,C0426,45,9,142.38,53.900000000000006,0.3785644051130777,Segment 2
synthetic_demo,C0427,12,11,92.64,29.229999999999997,0.31552245250431776,Segment 3
synthetic_demo,C0428,7,6,123.17999999999999,27.759999999999998,0.22536125994479622,Segment 3
synthetic_demo,C0429,2,4,51.81,22.509999999999998,0.43447210963134525,Segment 3
synthetic_demo,C0430,49,6,17.25,5.2,0.30144927536231886,Segment 4
synthetic_demo,C0431,114,5,136.13,0,0,Segment 1
synthetic_demo,C0432,21,6,19.12,0,0,Segment 1
synthetic_demo,C0433,62,4,125.44,37.79,0.3012595663265306,Segment 1
synthetic_demo,C0434,25,5,181.9,0,0,Segment 1
synthetic_demo,C0435,25,9,120.33999999999999,35.98,0.29898620575037393,Segment 2
synthetic_demo,C0436,98,7,128.95000000000002,0,0,Segment 1
synthetic_demo,C0437,57,9,48.349999999999994,16.14,0.3338159255429163,Segment 4
synthetic_demo,C0438,75,8,77.21,6.52,0.08444502007511981,Segment 1
synthetic_demo,C0439,158,2,46.739999999999995,0,0,Segment 1
synthetic_demo,C0440,49,8,78.03,17.38,0.2227348455722158,Segment 1
synthetic_demo,C0441,81,3,32.72,13.7,0.4187041564792176,Segment 4
synthetic_demo,C0442,7,9,279.6,0,0,Segment 3
synthetic_demo,C0443,71,10,471.02000000000004,78.51,0.1666808203473313,Segment 2
synthetic_demo,C0444,197,8,102.24,65.24,0.6381064162754303,Segment 4
synthetic_demo,C0445,256,8,199.67999999999998,24.83,0.12434895833333334,Segment 1
synthetic_demo,C0446,48,16,353.11999999999995,155.57,0.44055845038513824,Segment 2
synthetic_demo,C0447,8,14,222.06000000000003,74.03999999999999,0.3334233990813293,Segment 2
synthetic_demo,C0448,13,2,40.2,40.2,1,Segment 4
synthetic_demo,C0449,3,7,314.4,59.66,0.1897582697201018,Segment 3
synthetic_demo,C0450,84,11,85.65,26.520000000000003,0.30963222416812614,Segment 2
synthetic_demo,C0451,13,12,129.16000000000003,81.25,0.6290647259213378,Segment 2
synthetic_demo,C0452,5,8,83.61999999999999,47.06999999999999,0.562903611576178,Segment 3
synthetic_demo,C0453,41,8,66.28,9.97,0.1504224502112251,Segment 1
synthetic_demo,C0454,3,8,344.81,77.8,0.22563150720686753,Segment 3
synthetic_demo,C0455,1,4,32.51,4.39,0.13503537373115965,Segment 3
synthetic_demo,C0456,15,8,117.9,20.9,0.17726887192536045,Segment 3
synthetic_demo,C0457,40,5,200.18,47.86,0.23908482365870715,Segment 1
synthetic_demo,C0458,27,5,127.37,0,0,Segment 1
synthetic_demo,C0459,62,6,86.72,8.24,0.09501845018450185,Segment 1
synthetic_demo,C0460,158,5,49.760000000000005,15.84,0.3183279742765273,Segment 1
synthetic_demo,C0461,4,6,113.41,96.75,0.8530993739529142,Segment 4
synthetic_demo,C0462,113,6,65.06,0,0,Segment 1
synthetic_demo,C0463,91,7,67.19,34.629999999999995,0.5154040779877958,Segment 4
synthetic_demo,C0464,117,5,143.1,55.07,0.38483577917540185,Segment 4
synthetic_demo,C0465,40,12,138.22,73.72,0.5333526262480104,Segment 2
synthetic_demo,C0466,79,4,70.96000000000001,38.6,0.5439684329199549,Segment 4
synthetic_demo,C0467,2,7,61.14000000000001,14.350000000000001,0.23470722930978083,Segment 3
synthetic_demo,C0468,68,12,217.44,48.68,0.22387785136129507,Segment 2
synthetic_demo,C0469,49,8,125.56000000000002,112.19000000000001,0.8935170436444727,Segment 4
synthetic_demo,C0470,13,10,221.98000000000002,74.89999999999999,0.33741778538607076,Segment 2
synthetic_demo,C0471,34,7,114.75,71.77000000000001,0.625446623093682,Segment 4
synthetic_demo,C0472,7,6,46.81,11.79,0.2518692587054048,Segment 3
synthetic_demo,C0473,53,4,67.73,40.56,0.5988483685220729,Segment 4
synthetic_demo,C0474,104,6,20.55,2.46,0.11970802919708029,Segment 1
synthetic_demo,C0475,10,9,140.06,36.61,0.26138797658146506,Segment 3
synthetic_demo,C0476,2,14,558.71,177.14000000000001,0.3170517799931986,Segment 3
synthetic_demo,C0477,16,6,122.78,33.56,0.27333441928652874,Segment 3
synthetic_demo,C0478,149,4,64.64999999999999,0,0,Segment 1
synthetic_demo,C0479,19,10,122.18999999999998,40.230000000000004,0.32924134544561756,Segment 2
synthetic_demo,C0480,1,12,28.3,7.6899999999999995,0.27173144876325084,Segment 3
synthetic_demo,C0481,4,7,106.21,0,0,Segment 3
synthetic_demo,C0482,17,9,300.66,16.73,0.055644249318166694,Segment 2
synthetic_demo,C0483,111,10,169.82999999999998,65.49,0.38562091503267976,Segment 2
synthetic_demo,C0484,19,5,61.66999999999999,15.69,0.25441868007134755,Segment 1
synthetic_demo,C0485,128,10,197.73,108.16,0.5470085470085471,Segment 2
synthetic_demo,C0486,20,9,190.76,39.55,0.20732858041518137,Segment 2
synthetic_demo,C0487,103,6,75.93,32.24,0.4246016067430528,Segment 4
synthetic_demo,C0488,101,7,194.58,50.709999999999994,0.26061260150066806,Segment 2
synthetic_demo,C0489,2,11,119.05,33.48,0.2812263754724905,Segment 3
synthetic_demo,C0490,52,7,49.489999999999995,8.98,0.18145079814103862,Segment 1
synthetic_demo,C0491,30,13,315.92,139.81,0.44254874651810583,Segment 2
synthetic_demo,C0492,12,12,337.09000000000003,142.11,0.4215788068468362,Segment 2
synthetic_demo,C0493,12,5,134.73,34.4,0.25532546574630743,Segment 3
synthetic_demo,C0494,23,7,183.95,76.50999999999999,0.41592824136993745,Segment 2
synthetic_demo,C0495,35,11,114.33000000000001,28.12,0.2459546925566343,Segment 2
synthetic_demo,C0496,13,7,18.290000000000003,5.140000000000001,0.28102788408966645,Segment 4
synthetic_demo,C0497,24,13,29.119999999999997,11.76,0.40384615384615385,Segment 4
synthetic_demo,C0498,23,4,98.04,0,0,Segment 1
synthetic_demo,C0499,24,6,44.01,20.34,0.4621676891615542,Segment 4
synthetic_demo,C0500,11,14,426.75,182.01,0.4265026362038664,Segment 2
synthetic_demo,C0501,13,12,268.96,81.04,0.30130874479476505,Segment 2
synthetic_demo,C0502,107,6,121.81,10.4,0.08537886872998933,Segment 1
synthetic_demo,C0503,28,4,27.02,9.89,0.3660251665433013,Segment 4
synthetic_demo,C0504,100,4,45.4,0,0,Segment 1
synthetic_demo,C0505,4,10,219.26999999999998,57.019999999999996,0.26004469375655587,Segment 3
synthetic_demo,C0506,39,10,229.7,43.81,0.19072703526338705,Segment 2
synthetic_demo,C0507,45,5,85.5,45.84,0.536140350877193,Segment 4
synthetic_demo,C0508,90,12,140.81999999999996,33.019999999999996,0.23448373810538278,Segment 2
synthetic_demo,C0509,26,7,61.07000000000001,4.18,0.06844604552153266,Segment 1
synthetic_demo,C0510,67,6,139.14999999999998,0,0,Segment 1
synthetic_demo,C0511,81,10,56.02,29.900000000000002,0.5337379507318815,Segment 4
synthetic_demo,C0512,67,10,208.75999999999996,38.41,0.18399118605096765,Segment 2
synthetic_demo,C0513,95,9,384.44000000000005,103.13,0.26826032670897926,Segment 2
synthetic_demo,C0514,2,8,170.19,42.09,0.24731182795698928,Segment 3
synthetic_demo,C0515,135,3,13.43,7.41,0.5517498138495905,Segment 4
synthetic_demo,C0516,19,11,161.91000000000003,52.77,0.32592180841208074,Segment 2
synthetic_demo,C0517,53,7,230.25000000000003,11.74,0.050988056460369156,Segment 2
synthetic_demo,C0518,14,5,151.38,30.65,0.20247060377857048,Segment 3
synthetic_demo,C0519,77,5,25.59,6.25,0.24423602969910121,Segment 1
synthetic_demo,C0520,68,5,276.07,154.29999999999998,0.5589162169015104,Segment 2
synthetic_demo,C0521,152,5,89.31,20.51,0.22964953532639124,Segment 1
synthetic_demo,C0522,115,6,171.88000000000002,37.78,0.2198045147777519,Segment 1
synthetic_demo,C0523,65,12,145.23,92.31,0.6356124767609999,Segment 2
synthetic_demo,C0524,37,7,165.12,33.97,0.20572916666666666,Segment 2
synthetic_demo,C0525,4,11,158.77,52.53,0.330855955155256,Segment 3
synthetic_demo,C0526,93,4,48.69,9.71,0.19942493325118096,Segment 1
synthetic_demo,C0527,39,4,22.459999999999997,11.6,0.5164737310774711,Segment 4
synthetic_demo,C0528,270,2,26.71,7.86,0.2942718083114938,Segment 1
synthetic_demo,C0529,18,5,167.65,62.379999999999995,0.3720847002684163,Segment 3
synthetic_demo,C0530,299,2,50.59,0,0,Segment 1
synthetic_demo,C0531,154,7,70.50999999999999,13.68,0.1940150333286059,Segment 1
synthetic_demo,C0532,101,8,95.82000000000001,0,0,Segment 1
synthetic_demo,C0533,58,4,134.25,76.39,0.5690130353817505,Segment 4
synthetic_demo,C0534,19,6,213.67000000000002,91.83,0.4297748865072307,Segment 2
synthetic_demo,C0535,86,9,197.70000000000002,114.77,0.5805260495700556,Segment 2
synthetic_demo,C0536,5,13,130.65,52.67,0.40313815537696135,Segment 3
synthetic_demo,C0537,23,12,129.89000000000001,31.319999999999997,0.2411271075525444,Segment 2
synthetic_demo,C0538,9,13,90.3,20.169999999999998,0.22336655592469545,Segment 3
synthetic_demo,C0539,110,4,98.31,0,0,Segment 1
synthetic_demo,C0540,163,5,25.34,11.030000000000001,0.4352801894238359,Segment 4
synthetic_demo,C0541,10,4,64.77,51.03,0.7878647522000927,Segment 4
synthetic_demo,C0542,6,5,136.75,53.650000000000006,0.39232175502742234,Segment 3
synthetic_demo,C0543,25,9,208.51,26.09,0.12512589324253034,Segment 2
synthetic_demo,C0544,16,10,219.53,62.45,0.2844713706554913,Segment 2
synthetic_demo,C0545,180,1,4.36,4.36,1,Segment 4
synthetic_demo,C0546,123,8,142.10999999999999,38.94,0.27401308845260713,Segment 2
synthetic_demo,C0547,116,6,59.75,26.259999999999998,0.43949790794979077,Segment 4
synthetic_demo,C0548,223,2,37.69,0,0,Segment 1
synthetic_demo,C0549,77,5,138.79,0,0,Segment 1
synthetic_demo,C0550,36,9,426,156.54999999999998,0.36748826291079806,Segment 2
synthetic_demo,C0551,8,8,123.27000000000001,95.51,0.7748032773586436,Segment 4
synthetic_demo,C0552,34,5,40.08,25.78,0.6432135728542915,Segment 4
synthetic_demo,C0553,20,12,66.96,32.019999999999996,0.47819593787335724,Segment 2
synthetic_demo,C0554,51,6,81.96000000000001,27.39,0.3341874084919473,Segment 1
synthetic_demo,C0555,54,9,117.04999999999998,58.74,0.5018368218709954,Segment 2
synthetic_demo,C0556,7,8,135.89000000000001,62.41,0.45926852601368745,Segment 3
synthetic_demo,C0557,77,9,236.85,23.85,0.1006966434452185,Segment 2
synthetic_demo,C0558,15,9,109.8,0,0,Segment 3
synthetic_demo,C0559,126,7,246.20000000000002,0,0,Segment 1
synthetic_demo,C0560,254,2,8.34,4.55,0.5455635491606714,Segment 4
synthetic_demo,C0561,169,7,53.839999999999996,6.28,0.11664190193164935,Segment 1
synthetic_demo,C0562,51,6,262.03000000000003,78.43,0.2993168721138801,Segment 2
synthetic_demo,C0563,25,5,85.04,0,0,Segment 1
synthetic_demo,C0564,28,9,129.93,37.870000000000005,0.29146463480335566,Segment 2
synthetic_demo,C0565,12,7,237.57,24.72,0.10405354211390327,Segment 3
synthetic_demo,C0566,14,6,184.06000000000003,17.37,0.09437140063022927,Segment 3
synthetic_demo,C0567,81,5,24.759999999999998,15.119999999999997,0.6106623586429725,Segment 4
synthetic_demo,C0568,4,10,165.95000000000002,52.150000000000006,0.31425128050617657,Segment 3
synthetic_demo,C0569,27,9,467.39000000000004,0,0,Segment 2
synthetic_demo,C0570,61,11,50.82,18.03,0.3547815820543094,Segment 2
synthetic_demo,C0571,20,11,142.98,76.04,0.5318226325360191,Segment 2
synthetic_demo,C0572,73,9,79.52,9.29,0.11682595573440643,Segment 1
synthetic_demo,C0573,32,8,278.9,32.74,0.117389745428469,Segment 2
synthetic_demo,C0574,136,6,75.22,32.129999999999995,0.42714703536293536,Segment 4
synthetic_demo,C0575,47,2,11.33,3.31,0.2921447484554281,Segment 4
synthetic_demo,C0576,35,5,122.06,41.38,0.33901359986891694,Segment 1
synthetic_demo,C0577,44,10,275.68,146.34,0.5308328496807894,Segment 2
synthetic_demo,C0578,172,4,76.02,13.91,0.18297816364114708,Segment 1
synthetic_demo,C0579,23,10,87.30000000000001,6.65,0.07617411225658648,Segment 3
synthetic_demo,C0580,62,9,332.16,122.45,0.3686476396917148,Segment 2
synthetic_demo,C0581,156,5,203.93,21.42,0.10503604177904183,Segment 1
synthetic_demo,C0582,178,4,138.07999999999998,0,0,Segment 1
synthetic_demo,C0583,95,7,120.05999999999999,98.66,0.8217557887722806,Segment 4
synthetic_demo,C0584,15,4,62.16,31.6,0.5083655083655084,Segment 4
synthetic_demo,C0585,18,9,210.87000000000003,150.85,0.7153696590316307,Segment 2
synthetic_demo,C0586,52,9,177.55,37.98,0.21391157420444942,Segment 2
synthetic_demo,C0587,11,12,436.38999999999993,49.49,0.11340773161621488,Segment 2
synthetic_demo,C0588,144,9,162.44,58.06,0.35742427973405566,Segment 2
synthetic_demo,C0589,3,12,172.65999999999997,83.83,0.4855206764739952,Segment 3
synthetic_demo,C0590,25,8,224.02999999999997,14.86,0.06633040217827971,Segment 2
synthetic_demo,C0591,37,5,87.37,33.65,0.3851436419823738,Segment 4
synthetic_demo,C0592,298,1,18.8,0,0,Segment 1
synthetic_demo,C0593,19,10,142.44000000000003,0,0,Segment 3
synthetic_demo,C0594,3,8,75.8,44.32,0.5846965699208444,Segment 3
synthetic_demo,C0595,14,9,78.82,11.4,0.1446333417914235,Segment 3
synthetic_demo,C0596,73,10,441.80000000000007,78.28,0.17718424626527837,Segment 2
synthetic_demo,C0597,28,10,89.53,36.68,0.4096950742767787,Segment 2
synthetic_demo,C0598,7,9,74.73,34.95,0.4676836611802489,Segment 3
synthetic_demo,C0599,72,5,120.39999999999999,24.91,0.20689368770764122,Segment 1
synthetic_demo,C0600,100,4,67.78,0,0,Segment 1
synthetic_demo,C0601,8,12,235.29,29.29,0.12448467848187343,Segment 3
synthetic_demo,C0602,55,6,54.010000000000005,19.85,0.3675245324939826,Segment 4
synthetic_demo,C0603,52,9,87.96000000000001,16.55,0.18815370623010458,Segment 2
synthetic_demo,C0604,83,8,52.84,9,0.17032551097653292,Segment 1
synthetic_demo,C0605,72,10,115.39000000000001,38.55,0.3340844093942282,Segment 2
synthetic_demo,C0606,12,8,325.16999999999996,20.17,0.062029092474705554,Segment 3
synthetic_demo,C0607,25,12,342.76,124.99,0.36465748628778155,Segment 2
synthetic_demo,C0608,58,7,65.32000000000001,14.440000000000001,0.22106552357624004,Segment 1
synthetic_demo,C0609,75,5,91.32,7.29,0.07982917214191854,Segment 1
synthetic_demo,C0610,43,8,319.27000000000004,55.17999999999999,0.17283177248097217,Segment 2
synthetic_demo,C0611,4,4,27.68,0,0,Segment 3
synthetic_demo,C0612,29,11,174.5,17.98,0.10303724928366763,Segment 2
synthetic_demo,C0613,22,9,260.40999999999997,76.28,0.29292269882108984,Segment 2
synthetic_demo,C0614,33,9,361.71,113.22,0.3130131873600398,Segment 2
synthetic_demo,C0615,88,8,250.03000000000003,108.98,0.43586769587649477,Segment 2
synthetic_demo,C0616,55,7,65.5,23.86,0.36427480916030536,Segment 4
synthetic_demo,C0617,110,12,252.48000000000002,109.89,0.43524239543726234,Segment 2
synthetic_demo,C0618,130,3,16.73,0,0,Segment 1
synthetic_demo,C0619,49,7,123.32999999999998,48.48,0.39309170518122116,Segment 2
synthetic_demo,C0620,186,3,17.56,0,0,Segment 1
synthetic_demo,C0621,50,7,57.22,7.77,0.13579168123033905,Segment 1
synthetic_demo,C0622,7,7,136.03,13.41,0.09858119532456076,Segment 3
synthetic_demo,C0623,23,9,122.48999999999998,16.07,0.13119438321495636,Segment 2
synthetic_demo,C0624,72,10,326.95000000000005,70.99000000000001,0.21712800122342865,Segment 2
synthetic_demo,C0625,29,11,203.2,39.89,0.19630905511811025,Segment 2
synthetic_demo,C0626,8,7,129.21,20.52,0.15881123752031576,Segment 3
synthetic_demo,C0627,19,3,12.24,0,0,Segment 1
synthetic_demo,C0628,63,7,62.63,8.5,0.1357177071690883,Segment 1
synthetic_demo,C0629,13,10,407.04,0,0,Segment 2
synthetic_demo,C0630,20,8,63.37,7.83,0.12356004418494557,Segment 3
synthetic_demo,C0631,61,3,17.31,11.469999999999999,0.6626227614095899,Segment 4
synthetic_demo,C0632,114,9,50.989999999999995,15.24,0.2988821337517161,Segment 1
synthetic_demo,C0633,26,6,142.6,0,0,Segment 1
synthetic_demo,C0634,51,4,72.18,26.4,0.36575228595178716,Segment 4
synthetic_demo,C0635,121,4,43.18000000000001,22.86,0.5294117647058822,Segment 4
synthetic_demo,C0636,57,6,69.05,24.77,0.3587255611875453,Segment 4
synthetic_demo,C0637,13,9,157.44,33.46,0.21252540650406504,Segment 3
synthetic_demo,C0638,39,7,47.82,19.29,0.40338770388958595,Segment 4
synthetic_demo,C0639,23,9,77.57,9.58,0.1235013536160887,Segment 3
synthetic_demo,C0640,18,6,147.85,58.99,0.39898545823469733,Segment 2
synthetic_demo,C0641,117,7,54.68999999999999,6.01,0.10989211921740721,Segment 1
synthetic_demo,C0642,53,6,141.06,29.73,0.210761378136963,Segment 1
synthetic_demo,C0643,54,5,113.46999999999998,0,0,Segment 1
synthetic_demo,C0644,22,8,119.92,0,0,Segment 3
synthetic_demo,C0645,39,6,128.76,54.3,0.4217148182665424,Segment 4
synthetic_demo,C0646,26,7,115.25,32.73,0.2839913232104121,Segment 2
synthetic_demo,C0647,80,6,115.66,36.28,0.3136780217879993,Segment 1
synthetic_demo,C0648,24,6,66.2,0,0,Segment 1
synthetic_demo,C0649,58,8,153.26000000000002,0,0,Segment 1
synthetic_demo,C0650,26,9,151.61,41.31,0.27247543038058175,Segment 2
synthetic_demo,C0651,32,8,187.18999999999997,56.32,0.3008707730113789,Segment 2
synthetic_demo,C0652,1,9,180.57000000000002,89.61,0.49626183751453723,Segment 3
synthetic_demo,C0653,107,4,101.5,0,0,Segment 1
synthetic_demo,C0654,62,10,122.00999999999999,21.3,0.17457585443816082,Segment 2
synthetic_demo,C0655,187,7,191.75000000000003,85.52000000000001,0.4459973924380704,Segment 2
synthetic_demo,C0656,38,7,113.24,70.7,0.6243376898622396,Segment 4
synthetic_demo,C0657,76,5,122.06,31.54,0.25839750942159595,Segment 1
synthetic_demo,C0658,11,6,124.54,45.650000000000006,0.3665488999518227,Segment 3
synthetic_demo,C0659,28,6,83.09,5.55,0.06679504152124202,Segment 1
synthetic_demo,C0660,42,9,89.12,0,0,Segment 1
synthetic_demo,C0661,60,7,150.18,0,0,Segment 1
synthetic_demo,C0662,23,9,131.98,8.97,0.06796484315805426,Segment 2
synthetic_demo,C0663,39,17,103.43,60.739999999999995,0.5872570820845016,Segment 2
synthetic_demo,C0664,76,5,19.470000000000002,2,0.10272213662044169,Segment 1
synthetic_demo,C0665,29,10,170.18,16.78,0.09860148078505113,Segment 2
synthetic_demo,C0666,119,7,127.50000000000001,37.93,0.29749019607843136,Segment 1
synthetic_demo,C0667,6,10,114.54,36.05,0.31473720970839875,Segment 3
synthetic_demo,C0668,91,9,91.14999999999999,14.29,0.15677454744925948,Segment 1
synthetic_demo,C0669,35,12,80.60000000000001,34.15,0.42369727047146394,Segment 2
synthetic_demo,C0670,19,8,324.38,95.65,0.29487021394660584,Segment 2
synthetic_demo,C0671,91,7,165.63000000000002,23.04,0.13910523455895668,Segment 1
synthetic_demo,C0672,146,4,252.11,0,0,Segment 1
synthetic_demo,C0673,141,5,49.17,21.97,0.44681716493797025,Segment 4
synthetic_demo,C0674,23,9,76.21,36.870000000000005,0.48379477758824313,Segment 2
synthetic_demo,C0675,7,7,134.66,36.76,0.2729838110797564,Segment 3
synthetic_demo,C0676,7,7,110.03,41.82,0.38007816050168136,Segment 3
synthetic_demo,C0677,85,4,72.02,34.849999999999994,0.48389336295473473,Segment 4
synthetic_demo,C0678,97,7,75.83999999999999,10.89,0.14359177215189875,Segment 1
synthetic_demo,C0679,20,12,350.75,212.67,0.6063292943692088,Segment 2
synthetic_demo,C0680,44,9,192.07,22.84,0.11891497891393762,Segment 2
synthetic_demo,C0681,257,4,73.38999999999999,29.96,0.40823000408775045,Segment 4
synthetic_demo,C0682,245,6,100.78,21.68,0.21512204802540186,Segment 1
synthetic_demo,C0683,6,9,102.69000000000001,41.519999999999996,0.4043236926672509,Segment 3
synthetic_demo,C0684,94,8,140.91,21.28,0.15101838052657726,Segment 1
synthetic_demo,C0685,26,15,132.97,45.03999999999999,0.338723020230127,Segment 2
synthetic_demo,C0686,19,4,66.17,0,0,Segment 1
synthetic_demo,C0687,40,8,219.77999999999997,75.62,0.34407134407134415,Segment 2
synthetic_demo,C0688,51,8,27.54,4.96,0.18010167029774873,Segment 1
synthetic_demo,C0689,72,6,80.8,12.23,0.15136138613861388,Segment 1
synthetic_demo,C0690,113,9,88.76,52.269999999999996,0.5888913925191527,Segment 4
synthetic_demo,C0691,25,16,170.2,31.86,0.1871915393654524,Segment 2
synthetic_demo,C0692,126,5,74.05,0,0,Segment 1
synthetic_demo,C0693,56,8,172.48,12.11,0.07021103896103896,Segment 2
synthetic_demo,C0694,155,4,50.27,20.05,0.3988462303560772,Segment 4
synthetic_demo,C0695,12,10,38.03999999999999,11.66,0.30651945320715046,Segment 3
synthetic_demo,C0696,39,8,63.72,27.719999999999995,0.43502824858757055,Segment 4
synthetic_demo,C0697,66,6,184.36,17.28,0.09372965936211759,Segment 1
synthetic_demo,C0698,39,10,152,68.5,0.4506578947368421,Segment 2
synthetic_demo,C0699,17,11,477.28,318,0.6662755615152531,Segment 2
synthetic_demo,C0700,80,13,328.67999999999995,23.81,0.07244128027260559,Segment 2
synthetic_demo,C0701,17,10,185.93,72.3,0.38885602108320333,Segment 2
synthetic_demo,C0702,1,12,185.57,31.229999999999997,0.1682922886242388,Segment 3
synthetic_demo,C0703,102,5,141.07,0,0,Segment 1
synthetic_demo,C0704,51,3,48.57000000000001,20.37,0.4193946880790611,Segment 4
synthetic_demo,C0705,16,14,138.89999999999998,37.57,0.27048236141108717,Segment 2
synthetic_demo,C0706,59,8,150.62,30.099999999999998,0.1998406586110742,Segment 2
synthetic_demo,C0707,109,8,67.05000000000001,20.240000000000002,0.3018642803877703,Segment 1
synthetic_demo,C0708,79,5,45.44,14.280000000000001,0.31426056338028174,Segment 1
synthetic_demo,C0709,38,6,121.75,0,0,Segment 1
synthetic_demo,C0710,31,7,72.28,5.9,0.08162700608743774,Segment 1
synthetic_demo,C0711,15,9,42.28999999999999,7.76,0.18349491605580517,Segment 3
synthetic_demo,C0712,88,6,107.02,56.94,0.5320500840964306,Segment 4
synthetic_demo,C0713,42,15,260.2300000000001,142.04000000000002,0.5458248472505091,Segment 2
synthetic_demo,C0714,29,9,324.19,144.07999999999998,0.4444307350627718,Segment 2
synthetic_demo,C0715,111,6,234.1,84.19,0.35963263562580094,Segment 2
synthetic_demo,C0716,76,4,22.92,14.240000000000002,0.6212914485165795,Segment 4
synthetic_demo,C0717,28,7,60.78999999999999,8.07,0.13275209738443824,Segment 1
synthetic_demo,C0718,13,4,76.75999999999999,50.11,0.652813965607087,Segment 4
synthetic_demo,C0719,62,5,138.84,21.43,0.15435033131662346,Segment 1
synthetic_demo,C0720,8,5,76.89,15.05,0.19573416569124724,Segment 3
synthetic_demo,C0721,5,5,48.86000000000001,7.11,0.14551780597625869,Segment 3
synthetic_demo,C0722,48,9,94.78,13.62,0.14370120278539775,Segment 2
synthetic_demo,C0723,11,9,84.12,41.45,0.4927484545886828,Segment 3
synthetic_demo,C0724,21,8,159.76,118.76,0.7433650475713571,Segment 4
synthetic_demo,C0725,40,6,111.03999999999999,48.849999999999994,0.4399315561959654,Segment 4
synthetic_demo,C0726,25,7,114.36,67.56,0.590766002098636,Segment 4
synthetic_demo,C0727,65,5,31.08,7.05,0.22683397683397685,Segment 1
synthetic_demo,C0728,183,3,31.759999999999998,0,0,Segment 1
synthetic_demo,C0729,39,4,52.61,34.42,0.6542482417791294,Segment 4
synthetic_demo,C0730,51,9,178.31,32.35,0.18142560708877797,Segment 2
synthetic_demo,C0731,50,10,129.53,52.26,0.4034586582258936,Segment 2
synthetic_demo,C0732,26,7,242.11,34.72,0.1434058898847631,Segment 2
synthetic_demo,C0733,47,9,82.51,0,0,Segment 1
synthetic_demo,C0734,38,3,93.66,28.53,0.3046124279308136,Segment 1
synthetic_demo,C0735,33,13,89.11999999999998,32.47,0.36434021543985645,Segment 2
synthetic_demo,C0736,21,12,172.92999999999998,59.64,0.34487943098363505,Segment 2
synthetic_demo,C0737,26,9,164.34,0,0,Segment 2
synthetic_demo,C0738,105,3,78.66,45.73,0.5813628273582507,Segment 4
synthetic_demo,C0739,3,6,100.13999999999999,34.84,0.34791292190932704,Segment 3
synthetic_demo,C0740,7,9,220.84,13.32,0.060315160297047636,Segment 3
synthetic_demo,C0741,58,5,8.43,5.38,0.638196915776987,Segment 4
synthetic_demo,C0742,9,7,25.260000000000005,0,0,Segment 3
synthetic_demo,C0743,92,7,80.77,15.86,0.1963600346663365,Segment 1
synthetic_demo,C0744,15,12,139.15,50.92999999999999,0.36600790513833986,Segment 2
synthetic_demo,C0745,13,8,225.13000000000002,33.870000000000005,0.15044640874161597,Segment 3
synthetic_demo,C0746,18,8,317.86,48.53,0.15267727930535455,Segment 2
synthetic_demo,C0747,42,8,77.22,15.41,0.19955969955969957,Segment 1
synthetic_demo,C0748,63,2,26.06,0,0,Segment 1
synthetic_demo,C0749,254,3,35.97,13.52,0.3758687795385043,Segment 4
synthetic_demo,C0750,4,10,53.940000000000005,17.25,0.3197997775305895,Segment 3
synthetic_demo,C0751,28,7,171.35000000000002,78.10999999999999,0.45585059819083734,Segment 2
synthetic_demo,C0752,45,7,57.18,0,0,Segment 1
synthetic_demo,C0753,83,5,123.79,41.47,0.3350028273689312,Segment 1
synthetic_demo,C0754,62,6,81.41,22.759999999999998,0.2795725340867215,Segment 1
synthetic_demo,C0755,87,6,114.57,19.28,0.1682814000174566,Segment 1
synthetic_demo,C0756,57,5,35.980000000000004,12.66,0.3518621456364647,Segment 4
synthetic_demo,C0757,48,4,14.110000000000001,3.29,0.23316796598157333,Segment 1
synthetic_demo,C0758,145,4,28.65,10.41,0.3633507853403142,Segment 4
synthetic_demo,C0759,3,9,101.9,57.05,0.5598626104023552,Segment 3
synthetic_demo,C0760,116,5,55.61,6.89,0.12389857939219565,Segment 1
synthetic_demo,C0761,56,9,75.03,3.39,0.04518192722910836,Segment 1
synthetic_demo,C0762,3,9,85.03,8.13,0.09561331294837117,Segment 3
synthetic_demo,C0763,22,5,104.99,0,0,Segment 1
synthetic_demo,C0764,48,12,308.41,11.96,0.03877954670730521,Segment 2
synthetic_demo,C0765,137,6,88.56,6.1,0.06887985546522131,Segment 1
synthetic_demo,C0766,93,3,28.450000000000003,0,0,Segment 1
synthetic_demo,C0767,68,6,109.81,26.790000000000003,0.24396685183498773,Segment 1
synthetic_demo,C0768,90,5,179.93,40.67,0.22603234591229923,Segment 1
synthetic_demo,C0769,4,11,236.99,73.07000000000001,0.30832524579096166,Segment 3
synthetic_demo,C0770,27,4,119.67000000000002,20.1,0.16796189521183252,Segment 1
synthetic_demo,C0771,45,7,53.03,0,0,Segment 1
synthetic_demo,C0772,34,10,162.93,88.58000000000001,0.5436690603326583,Segment 2
synthetic_demo,C0773,105,2,11.21,0,0,Segment 1
synthetic_demo,C0774,34,3,87.14,0,0,Segment 1
synthetic_demo,C0775,53,14,425.8599999999999,52.81,0.12400788991687413,Segment 2
synthetic_demo,C0776,8,9,265.64000000000004,52.849999999999994,0.1989534708628218,Segment 3
synthetic_demo,C0777,1,13,408.05000000000007,213.54999999999998,0.5233427276069108,Segment 3
synthetic_demo,C0778,12,7,71.8,11.78,0.16406685236768803,Segment 3
synthetic_demo,C0779,39,17,395.59999999999997,220.5,0.5573811931243681,Segment 2
synthetic_demo,C0780,14,12,175.08,34.63,0.1977952935800777,Segment 2
synthetic_demo,C0781,73,8,250.44999999999996,95.8,0.3825114793371931,Segment 2
synthetic_demo,C0782,81,12,104.08,19.189999999999998,0.1843774019984627,Segment 2
synthetic_demo,C0783,1,11,164.06,79.97,0.4874436181884676,Segment 3
synthetic_demo,C0784,38,8,130,66.50999999999999,0.5116153846153846,Segment 2
synthetic_demo,C0785,31,7,71.13000000000001,15.899999999999999,0.22353437368199067,Segment 1
synthetic_demo,C0786,102,6,254.1,78.95,0.3107044470680834,Segment 2
synthetic_demo,C0787,1,11,119.19999999999999,76.64000000000001,0.6429530201342284,Segment 3
synthetic_demo,C0788,15,10,180.97,48.9,0.27021053213239765,Segment 2
synthetic_demo,C0789,18,4,75.86,7.94,0.1046664909042974,Segment 1
synthetic_demo,C0790,7,8,67.95,10.97,0.16144223693892568,Segment 3
synthetic_demo,C0791,6,12,300.49,105.11,0.3497953342873307,Segment 2
synthetic_demo,C0792,30,3,66.44,35.29,0.5311559301625527,Segment 4
synthetic_demo,C0793,109,4,38.29,8.14,0.21258814311830768,Segment 1
synthetic_demo,C0794,59,3,27.189999999999998,20.369999999999997,0.7491724898859875,Segment 4
synthetic_demo,C0795,51,6,58.17,0,0,Segment 1
synthetic_demo,C0796,21,6,52.83,37.6,0.7117168275600985,Segment 4
synthetic_demo,C0797,51,11,116.86,35.620000000000005,0.3048091733698443,Segment 2
synthetic_demo,C0798,60,5,182.03,16.47,0.09047959127616326,Segment 1
synthetic_demo,C0799,7,6,20.14,0,0,Segment 3
synthetic_demo,C0800,19,4,38.46,38.46,1,Segment 4
synthetic_demo,C0801,9,6,210.23999999999998,0,0,Segment 3
synthetic_demo,C0802,73,6,183.04000000000002,40.739999999999995,0.22257430069930065,Segment 1
synthetic_demo,C0803,312,1,5.96,5.96,1,Segment 4
synthetic_demo,C0804,4,3,45.17,0,0,Segment 3
synthetic_demo,C0805,44,14,35.39,12.650000000000002,0.3574456061034191,Segment 2
synthetic_demo,C0806,62,7,101.74000000000001,19.310000000000002,0.1897975230980932,Segment 1
synthetic_demo,C0807,151,7,85.28999999999999,22.46,0.26333685074451874,Segment 1
synthetic_demo,C0808,42,11,123.28,80.84,0.6557430240103829,Segment 2
synthetic_demo,C0809,8,6,190.75000000000003,36.9,0.19344692005242461,Segment 3
synthetic_demo,C0810,1,11,555.25,118.16,0.21280504277352544,Segment 3
synthetic_demo,C0811,84,8,149.22,10.54,0.0706339632757003,Segment 1
synthetic_demo,C0812,7,7,102.91,38.67,0.37576523175590326,Segment 3
synthetic_demo,C0813,44,3,22.669999999999998,0,0,Segment 1
synthetic_demo,C0814,33,10,392.61,96.28999999999999,0.24525610656885966,Segment 2
synthetic_demo,C0815,75,9,106.64,63.61000000000001,0.5964928732183047,Segment 4
synthetic_demo,C0816,58,5,172.51000000000002,71.88,0.41667149730450403,Segment 4
synthetic_demo,C0817,20,8,183.58999999999997,110.52999999999999,0.6020480418323438,Segment 2
synthetic_demo,C0818,13,13,316.41,131.88,0.41680098606238736,Segment 2
synthetic_demo,C0819,209,2,22.34,7.42,0.3321396598030439,Segment 4
synthetic_demo,C0820,52,5,86.13,28.990000000000002,0.3365842331359573,Segment 1
synthetic_demo,C0821,51,7,45.81000000000001,8.76,0.1912246234446627,Segment 1
synthetic_demo,C0822,7,6,258.14,37.2,0.14410784845432711,Segment 3
synthetic_demo,C0823,22,12,253.4,102.21000000000001,0.40335438042620364,Segment 2
synthetic_demo,C0824,12,14,105.24000000000001,34.870000000000005,0.3313378943367541,Segment 2
synthetic_demo,C0825,44,7,25.11,11.889999999999999,0.4735165272799681,Segment 4
synthetic_demo,C0826,84,6,109.24000000000001,0,0,Segment 1
synthetic_demo,C0827,38,7,220.19000000000003,34.59,0.15709160270675326,Segment 2
synthetic_demo,C0828,53,5,209.86,53.32,0.2540741446678738,Segment 1
synthetic_demo,C0829,7,14,203.92000000000002,120.07,0.5888093369948999,Segment 2
synthetic_demo,C0830,58,8,245.32,54.57,0.22244415457361813,Segment 2
synthetic_demo,C0831,108,3,155.95,0,0,Segment 1
synthetic_demo,C0832,31,11,57.92999999999999,20,0.3452442603141723,Segment 2
synthetic_demo,C0833,20,4,133.29,0,0,Segment 1
synthetic_demo,C0834,14,9,37.4,9.69,0.2590909090909091,Segment 3
synthetic_demo,C0835,13,10,109.66,28.56,0.2604413642166697,Segment 3
synthetic_demo,C0836,155,7,151.6,12.15,0.08014511873350924,Segment 1
synthetic_demo,C0837,4,10,64.76,9.79,0.1511735639283508,Segment 3
synthetic_demo,C0838,171,3,18.79,18.79,1,Segment 4
synthetic_demo,C0839,28,8,86.78,70.65,0.8141276791887532,Segment 4
synthetic_demo,C0840,68,10,128.88,13.010000000000002,0.10094661700806953,Segment 2
synthetic_demo,C0841,108,5,137.49,28.18,0.20496036075350932,Segment 1
synthetic_demo,C0842,179,7,94.71,31.35,0.33101045296167253,Segment 1
synthetic_demo,C0843,10,6,83.06,8.51,0.1024560558632314,Segment 3
synthetic_demo,C0844,102,4,20.64,3.09,0.14970930232558138,Segment 1
synthetic_demo,C0845,6,10,89.52,24.1,0.2692135835567471,Segment 3
synthetic_demo,C0846,3,8,181.57,100.13,0.551467753483505,Segment 3
synthetic_demo,C0847,10,8,193.3,54.550000000000004,0.28220382824624934,Segment 3
synthetic_demo,C0848,79,5,154.37,13.81,0.0894603873809678,Segment 1
synthetic_demo,C0849,13,14,250.96,81.81,0.32598820529167993,Segment 2
synthetic_demo,C0850,106,3,35.84,0,0,Segment 1
synthetic_demo,C0851,113,10,113.85000000000002,86.12,0.7564339042599911,Segment 4
synthetic_demo,C0852,65,6,9,6,0.6666666666666666,Segment 4
synthetic_demo,C0853,114,5,25.25,3.55,0.14059405940594058,Segment 1
synthetic_demo,C0854,130,4,131.42,69.08,0.5256429767158728,Segment 4
synthetic_demo,C0855,27,5,62.37,19.43,0.3115279781946449,Segment 4
synthetic_demo,C0856,48,4,125.04,0,0,Segment 1
synthetic_demo,C0857,21,11,83.57,34.27,0.41007538590403264,Segment 2
synthetic_demo,C0858,30,8,177.46,37.97,0.2139637101318607,Segment 2
synthetic_demo,C0859,25,4,131.84,0,0,Segment 1
synthetic_demo,C0860,12,9,215.74,112.67000000000002,0.5222490034300548,Segment 2
synthetic_demo,C0861,45,4,104.09,45.519999999999996,0.43731386300317027,Segment 4
synthetic_demo,C0862,71,10,135.51999999999998,0,0,Segment 2
synthetic_demo,C0863,21,9,93.78,71.21000000000001,0.7593303476220944,Segment 4
synthetic_demo,C0864,114,5,25.8,7.48,0.289922480620155,Segment 1
synthetic_demo,C0865,64,8,117.71,10.27,0.087248322147651,Segment 1
synthetic_demo,C0866,65,3,7.93,5.9399999999999995,0.7490542244640604,Segment 4
synthetic_demo,C0867,27,10,258.06,23.08,0.08943656513988994,Segment 2
synthetic_demo,C0868,79,7,147.38,75.96000000000001,0.5154023612430453,Segment 2
synthetic_demo,C0869,53,13,80.69,42.61,0.528070392861569,Segment 2
synthetic_demo,C0870,49,9,113.74,41.739999999999995,0.36697731668718125,Segment 2
synthetic_demo,C0871,21,14,364.17,210.63000000000002,0.5783837218881293,Segment 2
synthetic_demo,C0872,14,6,29.71,6.92,0.2329182093571188,Segment 3
synthetic_demo,C0873,43,6,132.11,33.040000000000006,0.2500946181212626,Segment 1
synthetic_demo,C0874,122,3,14.530000000000001,0,0,Segment 1
synthetic_demo,C0875,58,11,303.03,36.67,0.12101112101112103,Segment 2
synthetic_demo,C0876,20,10,77.83,45.59,0.5857638442759862,Segment 2
synthetic_demo,C0877,6,6,215.11000000000004,20.8,0.09669471433220211,Segment 3
synthetic_demo,C0878,37,7,149.79,39.74,0.2653047599973296,Segment 2
synthetic_demo,C0879,12,11,73.86999999999999,20.83,0.28198186002436715,Segment 3
synthetic_demo,C0880,37,7,76.63,13.61,0.1776066814563487,Segment 1
synthetic_demo,C0881,101,8,421.21000000000004,25.34,0.06016001519432112,Segment 2
synthetic_demo,C0882,15,8,167.37,73.03999999999999,0.43639839875724434,Segment 2
synthetic_demo,C0883,58,10,47.67,39,0.8181246066708622,Segment 4
synthetic_demo,C0884,175,4,76.73,31.630000000000003,0.4122246839567314,Segment 4
synthetic_demo,C0885,10,4,29.33,14.38,0.4902829867030345,Segment 4
synthetic_demo,C0886,14,8,86.79,70.01,0.8066597534278143,Segment 4
synthetic_demo,C0887,20,7,149.95000000000002,21.84,0.1456485495165055,Segment 3
synthetic_demo,C0888,65,4,40.46,0,0,Segment 1
synthetic_demo,C0889,101,6,42.34,28.38,0.6702881435994331,Segment 4
synthetic_demo,C0890,144,2,14.190000000000001,10.38,0.7315010570824524,Segment 4
synthetic_demo,C0891,56,9,91.43,67.84,0.7419884064311495,Segment 4
synthetic_demo,C0892,56,3,55.94,26.92,0.48122988916696463,Segment 4
synthetic_demo,C0893,22,2,60.870000000000005,0,0,Segment 1
synthetic_demo,C0894,13,8,174.21,105.72999999999999,0.6069111991274897,Segment 2
synthetic_demo,C0895,1,7,141.78,7.76,0.054732684440682744,Segment 3
synthetic_demo,C0896,32,7,301.05999999999995,155.44,0.516309041387099,Segment 2
synthetic_demo,C0897,74,7,70.24,41.66,0.5931093394077449,Segment 4
synthetic_demo,C0898,30,9,408.08000000000004,170.29,0.4172956283081748,Segment 2
synthetic_demo,C0899,33,6,117.80000000000001,17.53,0.14881154499151103,Segment 1
synthetic_demo,C0900,9,5,94.68,33.91,0.3581537811575834,Segment 3
synthetic_demo,C0901,11,11,182.69,57.16,0.31287974163884175,Segment 2
synthetic_demo,C0902,142,5,90.41999999999999,55.269999999999996,0.6112585711125857,Segment 4
synthetic_demo,C0903,15,8,162.29999999999998,8.14,0.050154035736290827,Segment 3
synthetic_demo,C0904,27,9,156.81,89.38,0.5699891588546648,Segment 2
synthetic_demo,C0905,16,9,213.66,33.59,0.1572123935224188,Segment 2
synthetic_demo,C0906,63,6,104.92,31.39,0.29918032786885246,Segment 1
synthetic_demo,C0907,76,6,116.19999999999999,45.82,0.3943201376936317,Segment 4
synthetic_demo,C0908,13,12,18.45,9,0.48780487804878053,Segment 4
synthetic_demo,C0909,27,11,237.78,85.11,0.3579359071410548,Segment 2
synthetic_demo,C0910,17,8,94.94999999999999,63.709999999999994,0.670984728804634,Segment 4
synthetic_demo,C0911,89,4,6,0,0,Segment 1
synthetic_demo,C0912,9,7,38.09,24,0.6300866369125754,Segment 4
synthetic_demo,C0913,117,6,168.20999999999998,36.39,0.21633672195469952,Segment 1
synthetic_demo,C0914,18,11,212.35,25.03,0.11787143866258536,Segment 2
synthetic_demo,C0915,70,3,103.78,0,0,Segment 1
synthetic_demo,C0916,8,10,223.52999999999997,84.83,0.3795016328904398,Segment 2
synthetic_demo,C0917,146,4,33.57,3.6,0.10723860589812333,Segment 1
synthetic_demo,C0918,41,8,114.71000000000001,36.5,0.3181937058669689,Segment 2
synthetic_demo,C0919,26,5,76.12,0,0,Segment 1
synthetic_demo,C0920,69,5,66.12,16.71,0.25272232304900183,Segment 1
synthetic_demo,C0921,89,8,238.65999999999997,23.53,0.09859213944523591,Segment 2
synthetic_demo,C0922,46,7,105.72,21.21,0.20062429057888764,Segment 1
synthetic_demo,C0923,10,10,161.6,28.16,0.17425742574257427,Segment 3
synthetic_demo,C0924,47,3,65.09,24.3,0.37332923644184973,Segment 4
synthetic_demo,C0925,29,7,60.480000000000004,40.57,0.6708002645502645,Segment 4
